accuracy,avg_test_time,avg_train_time,batch_size,epochs,f1_score,input_ratio,model_name,neurons,precision,recall,train_ratio
0.9215253473042321,14.902111625671386,162.41565384864808,32,16,0.8783582288255186,0,oneLayer_perm,32,0.9021508758016217,0.8557883131201764,20
